"metric","Published","Reproduced"
"Pooled RR",0.84,0.843612083199304
"CI lower",0.54,0.540586954434681
"CI upper",1.32,1.31649744982121
"I2 (%)",0,0
"Chi2",11.24,11.2449868626887
"Z",0.75,0.74896286567331
